{
	"class_name" : "PinholeCameraParameters",
	"extrinsic" : 
	[
		-0.25860449298402627,
		-0.90299836051892957,
		-0.34310009779742134,
		0.0,
		-0.85869417274185789,
		0.052206153223342051,
		0.50982235657608954,
		0.0,
		-0.44245681586755009,
		0.42646040668008828,
		-0.78890017595802497,
		0.0,
		-0.0,
		0.0,
		22.772547792377914,
		1.0
	],
	"intrinsic" : 
	{
		"height" : 1080,
		"intrinsic_matrix" : 
		[
			935.30743608719399,
			0.0,
			0.0,
			0.0,
			935.30743608719399,
			0.0,
			959.5,
			539.5,
			1.0
		],
		"width" : 1920
	},
	"version_major" : 1,
	"version_minor" : 0
}